full_path,filename,sha256
C:\Users\imbri\OneDrive\Desktop\Cybersecurity_Portfolio\asset_integrity_monitor\asset_manifest_scanner.py,asset_manifest_scanner.py,c4adcfdd318b20d1c5ac9c6229ed08ae4317dba17b33024271837bab21fcc522
C:\Users\imbri\OneDrive\Desktop\Cybersecurity_Portfolio\asset_integrity_monitor\README.md,README.md,7b167a6e8f48bc6d9c13bb957df7053e174df4b2809d2644fca0de3035908052
C:\Users\imbri\OneDrive\Desktop\Cybersecurity_Portfolio\asset_integrity_monitor\requirements.txt,requirements.txt,e3b0c44298fc1c149afbf4c8996fb92427ae41e4649b934ca495991b7852b855
C:\Users\imbri\OneDrive\Desktop\Cybersecurity_Portfolio\asset_integrity_monitor\run_asset_scan.ps1,run_asset_scan.ps1,26aaa00c15db35e60bf36d1747f9b4f72ca8f9c10c0ab0c60b601d93ca9780de
C:\Users\imbri\OneDrive\Desktop\Cybersecurity_Portfolio\asset_integrity_monitor\test_manifest.csv,test_manifest.csv,f46cdd85c6efa4528dfc775eea9d948a1b32780239c4b9a6e324064780e4e940
C:\Users\imbri\OneDrive\Desktop\Cybersecurity_Portfolio\asset_integrity_monitor\.git\COMMIT_EDITMSG,COMMIT_EDITMSG,3f4d416a25ee3c1763c0ade82d367fa941a4990d2a8494ec2569edcdd0d3920e
C:\Users\imbri\OneDrive\Desktop\Cybersecurity_Portfolio\asset_integrity_monitor\.git\config,config,9446e1697a4ffe9da45d7f9dfeba5f8d3b07a9701211dc367570008f2afc628c
C:\Users\imbri\OneDrive\Desktop\Cybersecurity_Portfolio\asset_integrity_monitor\.git\description,description,85ab6c163d43a17ea9cf7788308bca1466f1b0a8d1cc92e26e9bf63da4062aee
C:\Users\imbri\OneDrive\Desktop\Cybersecurity_Portfolio\asset_integrity_monitor\.git\HEAD,HEAD,3e24239623d7b3e76caf2ec72921ab824f90637a8bd8b603be93670a894cf90b
C:\Users\imbri\OneDrive\Desktop\Cybersecurity_Portfolio\asset_integrity_monitor\.git\index,index,fb6c8e0ca39d10cebedfaefc0875c37a5c1590214b63e0b31e828a2d40fc3135
C:\Users\imbri\OneDrive\Desktop\Cybersecurity_Portfolio\asset_integrity_monitor\.git\hooks\applypatch-msg.sample,applypatch-msg.sample,0223497a0b8b033aa58a3a521b8629869386cf7ab0e2f101963d328aa62193f7
C:\Users\imbri\OneDrive\Desktop\Cybersecurity_Portfolio\asset_integrity_monitor\.git\hooks\commit-msg.sample,commit-msg.sample,1f74d5e9292979b573ebd59741d46cb93ff391acdd083d340b94370753d92437
C:\Users\imbri\OneDrive\Desktop\Cybersecurity_Portfolio\asset_integrity_monitor\.git\hooks\fsmonitor-watchman.sample,fsmonitor-watchman.sample,e0549964e93897b519bd8e333c037e51fff0f88ba13e086a331592bf801fa1d0
C:\Users\imbri\OneDrive\Desktop\Cybersecurity_Portfolio\asset_integrity_monitor\.git\hooks\post-update.sample,post-update.sample,81765af2daef323061dcbc5e61fc16481cb74b3bac9ad8a174b186523586f6c5
C:\Users\imbri\OneDrive\Desktop\Cybersecurity_Portfolio\asset_integrity_monitor\.git\hooks\pre-applypatch.sample,pre-applypatch.sample,e15c5b469ea3e0a695bea6f2c82bcf8e62821074939ddd85b77e0007ff165475
C:\Users\imbri\OneDrive\Desktop\Cybersecurity_Portfolio\asset_integrity_monitor\.git\hooks\pre-commit.sample,pre-commit.sample,57185b7b9f05239d7ab52db045f5b89eb31348d7b2177eab214f5eb872e1971b
C:\Users\imbri\OneDrive\Desktop\Cybersecurity_Portfolio\asset_integrity_monitor\.git\hooks\pre-merge-commit.sample,pre-merge-commit.sample,d3825a70337940ebbd0a5c072984e13245920cdf8898bd225c8d27a6dfc9cb53
C:\Users\imbri\OneDrive\Desktop\Cybersecurity_Portfolio\asset_integrity_monitor\.git\hooks\pre-push.sample,pre-push.sample,ecce9c7e04d3f5dd9d8ada81753dd1d549a9634b26770042b58dda00217d086a
C:\Users\imbri\OneDrive\Desktop\Cybersecurity_Portfolio\asset_integrity_monitor\.git\hooks\pre-rebase.sample,pre-rebase.sample,4febce867790052338076f4e66cc47efb14879d18097d1d61c8261859eaaa7b3
C:\Users\imbri\OneDrive\Desktop\Cybersecurity_Portfolio\asset_integrity_monitor\.git\hooks\pre-receive.sample,pre-receive.sample,a4c3d2b9c7bb3fd8d1441c31bd4ee71a595d66b44fcf49ddb310252320169989
C:\Users\imbri\OneDrive\Desktop\Cybersecurity_Portfolio\asset_integrity_monitor\.git\hooks\prepare-commit-msg.sample,prepare-commit-msg.sample,e9ddcaa4189fddd25ed97fc8c789eca7b6ca16390b2392ae3276f0c8e1aa4619
C:\Users\imbri\OneDrive\Desktop\Cybersecurity_Portfolio\asset_integrity_monitor\.git\hooks\push-to-checkout.sample,push-to-checkout.sample,a53d0741798b287c6dd7afa64aee473f305e65d3f49463bb9d7408ec3b12bf5f
C:\Users\imbri\OneDrive\Desktop\Cybersecurity_Portfolio\asset_integrity_monitor\.git\hooks\sendemail-validate.sample,sendemail-validate.sample,44ebfc923dc5466bc009602f0ecf067b9c65459abfe8868ddc49b78e6ced7a92
C:\Users\imbri\OneDrive\Desktop\Cybersecurity_Portfolio\asset_integrity_monitor\.git\hooks\update.sample,update.sample,8d5f2fa83e103cf08b57eaa67521df9194f45cbdbcb37da52ad586097a14d106
C:\Users\imbri\OneDrive\Desktop\Cybersecurity_Portfolio\asset_integrity_monitor\.git\info\exclude,exclude,6671fe83b7a07c8932ee89164d1f2793b2318058eb8b98dc5c06ee0a5a3b0ec1
C:\Users\imbri\OneDrive\Desktop\Cybersecurity_Portfolio\asset_integrity_monitor\.git\logs\HEAD,HEAD,ea114adf6320592acbd5a4faba706f64b00dce58f2b2905907e39508c3eeeb09
C:\Users\imbri\OneDrive\Desktop\Cybersecurity_Portfolio\asset_integrity_monitor\.git\logs\refs\heads\asset_integrity_monitor,asset_integrity_monitor,ea795533403abc65143d7e376b8f5ff1ede307709206d2c9989e851bca27df07
C:\Users\imbri\OneDrive\Desktop\Cybersecurity_Portfolio\asset_integrity_monitor\.git\logs\refs\heads\main,main,bc30916a29a9b4de8f27bb657b88751ce8cc690a397dda6481ec12f30f9e48dd
C:\Users\imbri\OneDrive\Desktop\Cybersecurity_Portfolio\asset_integrity_monitor\.git\logs\refs\remotes\origin\asset_integrity_monitor,asset_integrity_monitor,23370cb06a0d818a6b43c8b0ccb3fac8dc9771c95594f86b726f80c836ee1fbf
C:\Users\imbri\OneDrive\Desktop\Cybersecurity_Portfolio\asset_integrity_monitor\.git\objects\7e\6a41b476d5513067e6bede77c63978047d5444,6a41b476d5513067e6bede77c63978047d5444,d8eba56692f31419f0d5cf368269be49bebbfbb88bef18ecfdc6609e94185e68
C:\Users\imbri\OneDrive\Desktop\Cybersecurity_Portfolio\asset_integrity_monitor\.git\objects\90\a57e2ba9740aa647504e9339e7e94f5917d186,a57e2ba9740aa647504e9339e7e94f5917d186,1282b3a1b8a630521d8193370d504d86560f2080ff082ef678b5b6c87fe3057e
C:\Users\imbri\OneDrive\Desktop\Cybersecurity_Portfolio\asset_integrity_monitor\.git\objects\de\f15d605d9d05a6e3168736cf6a3ee9b325f987,f15d605d9d05a6e3168736cf6a3ee9b325f987,6c812814d5198e0026b9a60047fd9c0f989e756d834a8fb1a066ece33afc19f9
C:\Users\imbri\OneDrive\Desktop\Cybersecurity_Portfolio\asset_integrity_monitor\.git\objects\e6\9de29bb2d1d6434b8b29ae775ad8c2e48c5391,9de29bb2d1d6434b8b29ae775ad8c2e48c5391,164c5fa8067facf1a43f09ce3d0e35ebf53a7f5723ecbf15a8667cfc53c26f6c
C:\Users\imbri\OneDrive\Desktop\Cybersecurity_Portfolio\asset_integrity_monitor\.git\refs\heads\asset_integrity_monitor,asset_integrity_monitor,f7583c90c1b9a3351f8cd9bd83b71ef39598d0c9b6f4397ee679553838706b0f
C:\Users\imbri\OneDrive\Desktop\Cybersecurity_Portfolio\asset_integrity_monitor\.git\refs\heads\main,main,f7583c90c1b9a3351f8cd9bd83b71ef39598d0c9b6f4397ee679553838706b0f
C:\Users\imbri\OneDrive\Desktop\Cybersecurity_Portfolio\asset_integrity_monitor\.git\refs\remotes\origin\asset_integrity_monitor,asset_integrity_monitor,f7583c90c1b9a3351f8cd9bd83b71ef39598d0c9b6f4397ee679553838706b0f
